,Date,FrontChange,SMB,RU,ME,AT,SST,PT,glacierID,glacierName,latitude,longitude
0,31/01/2015,0,1.7196994033333333,1.7244506e-21,0,-11.19219333,0.8826464,0.8739418,RGI60-07.00238,Storbreen,77.06905198971934,16.36252046306958
1,28/02/2015,2.682843355,3.9520693280000003,7.540112674e-05,0.32481143,-12.58319368,0.53435683,0.54634184,RGI60-07.00238,Storbreen,77.06905198971934,16.36252046306958
2,31/03/2015,-7.622823582,3.852935002,0.000128438,0.215690897,-10.1434427,0.75324005,0.73357826,RGI60-07.00238,Storbreen,77.06905198971934,16.36252046306958
3,30/04/2015,-9.095707752,1.8994951698307692,1.724503076923077e-21,0.1304579076923077,-9.786521946,0.69806236,0.8373451,RGI60-07.00238,Storbreen,77.06905198971934,16.36252046306958
4,31/05/2015,-43.78495533,0.918450686,1.7245994e-21,0.693541875,-7.886095323,0.82054895,1.5830159,RGI60-07.00238,Storbreen,77.06905198971934,16.36252046306958
6,31/07/2015,-60.90775935,-18.38943743,19.019388928571427,20.114603499999998,1.8466621214285712,4.588219,3.9401653,RGI60-07.00238,Storbreen,77.06905198971934,16.36252046306958
7,31/08/2015,-25.91984879,-16.53406733,20.727776833333333,18.554932791666666,2.2014606141666664,4.254299,4.5601153,RGI60-07.00238,Storbreen,77.06905198971934,16.36252046306958
8,30/09/2015,-17.15646913,0.8157117212727272,1.293362886909091,1.6934550973272728,-1.58940902,3.299783,3.8985636,RGI60-07.00238,Storbreen,77.06905198971934,16.36252046306958
9,31/10/2015,28.249893568643074,0.7383891250909091,0.6736230530699999,0.3935291205172727,-5.602407764,2.7080688,2.7804003,RGI60-07.00238,Storbreen,77.06905198971934,16.36252046306958
10,30/11/2015,110.08041381564362,0.6041860066666667,0.000808172,0,-11.41936745,1.3349208,1.4571059,RGI60-07.00238,Storbreen,77.06905198971934,16.36252046306958
11,31/12/2015,160.4932373,0.785897656,0.000779383,0,-15.50913506,0.9596897,1.0703937,RGI60-07.00238,Storbreen,77.06905198971934,16.36252046306958
12,31/01/2016,207.28956640708873,2.1052675766666664,0.22333964163833334,0.572161751,-10.07964572,1.566591,1.5609007,RGI60-07.00238,Storbreen,77.06905198971934,16.36252046306958
13,29/02/2016,280.6301510735573,1.5243527870000002,0.459254922,0.760192918,-10.51251467,1.0491222,1.0381314,RGI60-07.00238,Storbreen,77.06905198971934,16.36252046306958
14,31/03/2016,356.20086000917945,0.4955737352000001,0.28410779,0.379293096,-16.67939202,1.0706071,1.054467,RGI60-07.00238,Storbreen,77.06905198971934,16.36252046306958
15,30/04/2016,334.1206864101538,0.038597874,7.4298805e-07,0.000779122,-16.01955,0.96923715,0.9631224,RGI60-07.00238,Storbreen,77.06905198971934,16.36252046306958
17,30/06/2016,373.95452705855587,-10.3160559,10.4116856,11.42992975,-0.1845792,3.5954194,3.0432944,RGI60-07.00238,Storbreen,77.06905198971934,16.36252046306958
18,31/07/2016,373.6279675960627,-28.34076059,29.865292470588233,28.895877470588236,2.666404994117647,5.372539,4.136592,RGI60-07.00238,Storbreen,77.06905198971934,16.36252046306958
19,31/08/2016,499.03248757195354,-15.4992319,17.351671470588233,15.618415029411764,1.75254828,5.659746,4.773648,RGI60-07.00238,Storbreen,77.06905198971934,16.36252046306958
20,30/09/2016,644.0477640758492,-4.56507712,8.369583539904001,7.140530061,-0.031324587,4.690956,4.659758,RGI60-07.00238,Storbreen,77.06905198971934,16.36252046306958
21,31/10/2016,632.6164267,-2.150806618,8.460347676,8.139910264,-0.256193822,4.336028,4.3496213,RGI60-07.00238,Storbreen,77.06905198971934,16.36252046306958
22,30/11/2016,776.4832976784313,-1.440928974,4.796768252,1.5261109899999998,-3.17420645,4.0412025,4.0388293,RGI60-07.00238,Storbreen,77.06905198971934,16.36252046306958
23,31/12/2016,765.0724923523802,3.718157103333333,0.021903933333333334,2.2334194333333333,-7.203938367,3.0472271,3.0475554,RGI60-07.00238,Storbreen,77.06905198971934,16.36252046306958
24,31/01/2017,876.1815368370613,1.879798429,4.07655175e-05,0.075882354,-13.62381368,2.4695423,2.4673746,RGI60-07.00238,Storbreen,77.06905198971934,16.36252046306958
25,28/02/2017,873.2120633916448,3.897036563571429,0.3252722215257143,0.8723482046778069,-11.13512016,2.32655,2.2870426,RGI60-07.00238,Storbreen,77.06905198971934,16.36252046306958
26,31/03/2017,866.4433844961962,1.3899987527857145,1.7246838857142858e-21,0.007002874,-16.00117281,1.6685433,1.6786016,RGI60-07.00238,Storbreen,77.06905198971934,16.36252046306958
27,30/04/2017,800.1958763749163,1.36774616,0.008050146,0.253776064,-12.95012393,0.8604464,1.1176187,RGI60-07.00238,Storbreen,77.06905198971934,16.36252046306958
28,31/05/2017,702.9273801,0.358074206,0.408557987,0.798124003,-8.145108825,1.4971169,1.560275,RGI60-07.00238,Storbreen,77.06905198971934,16.36252046306958
29,30/06/2017,788.0516134213154,-11.3942719,12.752388400000001,13.6270877,0.365455338,2.763709,2.4996004,RGI60-07.00238,Storbreen,77.06905198971934,16.36252046306958
30,31/07/2017,806.3080706159504,-23.49674361,24.82003735652174,23.658783286956524,2.1803426017391305,5.721908,4.014162,RGI60-07.00238,Storbreen,77.06905198971934,16.36252046306958
31,31/08/2017,853.5414920509983,-16.28783408,18.575418523809525,16.16916781904762,1.7376547614285713,5.9418716,4.90699,RGI60-07.00238,Storbreen,77.06905198971934,16.36252046306958
32,30/09/2017,899.7782078479266,-14.53787687,18.072487827777778,14.016602755555557,2.0514574,5.3455057,5.1347694,RGI60-07.00238,Storbreen,77.06905198971934,16.36252046306958
33,31/10/2017,957.5605024550019,1.382214773846154,1.4066618123653845,1.3212811523076922,-3.239635503,4.671085,4.6714654,RGI60-07.00238,Storbreen,77.06905198971934,16.36252046306958
34,30/11/2017,1037.733341681524,1.918962217142857,0.079539504,0.3534460228571428,-5.995655243,2.7119517,2.7183468,RGI60-07.00238,Storbreen,77.06905198971934,16.36252046306958
35,31/12/2017,1057.338127291635,5.5032121499999995,0.24786824000000002,0.32133730000000005,-5.94225525,1.5595442,1.5628713,RGI60-07.00238,Storbreen,77.06905198971934,16.36252046306958
36,31/01/2018,1092.9175822044754,1.121117921,0.434722176,0.923932878,-10.69362725,0.77668136,0.77863485,RGI60-07.00238,Storbreen,77.06905198971934,16.36252046306958
37,28/02/2018,1103.1305052624416,0.828685203,0.460934466,1.496762011,-11.59296544,1.2724775,1.2575322,RGI60-07.00238,Storbreen,77.06905198971934,16.36252046306958
38,31/03/2018,1074.306807410228,0.330147328,0.017178659,0.768199099,-18.39835488,1.1316781,1.1298714,RGI60-07.00238,Storbreen,77.06905198971934,16.36252046306958
39,30/04/2018,1010.6953632045767,0.4051754216923077,0.26210497607692307,1.0763094692307693,-14.23787887,0.4417896,0.64247686,RGI60-07.00238,Storbreen,77.06905198971934,16.36252046306958
40,31/05/2018,1042.5495054698813,0.79403592,1.7245272e-21,0,-5.175199,1.448782,1.3422061,RGI60-07.00238,Storbreen,77.06905198971934,16.36252046306958
41,30/06/2018,1044.3750140280545,-10.28926592,11.425977916407144,12.650863375714284,0.14211895285714285,3.037402,2.624422,RGI60-07.00238,Storbreen,77.06905198971934,16.36252046306958
42,31/07/2018,1077.3784767480333,-31.259424,37.81950841176471,31.974332294117644,2.701268194117647,4.5898275,3.7760236,RGI60-07.00238,Storbreen,77.06905198971934,16.36252046306958
43,31/08/2018,1087.0574716141941,-14.05432928,16.05392482,14.840449312499999,1.407007744,5.284397,4.3547053,RGI60-07.00238,Storbreen,77.06905198971934,16.36252046306958
44,30/09/2018,1121.4336947147476,-3.72664971,6.020059688571429,4.081362635714286,-2.844753784,4.6010637,4.372039,RGI60-07.00238,Storbreen,77.06905198971934,16.36252046306958
45,31/10/2018,1137.6624236155876,1.336035996,0.6339373281818181,0.6303409972727273,-6.168052311,3.0458558,3.0638156,RGI60-07.00238,Storbreen,77.06905198971934,16.36252046306958
46,30/11/2018,1168.685073734482,1.030803876,1.724291966666667e-21,0,-9.737392833,2.835345,2.8218315,RGI60-07.00238,Storbreen,77.06905198971934,16.36252046306958
48,31/01/2019,1217.5999147075413,2.8456261722222225,1.7246396444444442e-21,0,-12.48007952,1.2537092,1.2542435,RGI60-07.00238,Storbreen,77.06905198971934,16.36252046306958
49,28/02/2019,1190.9979873596362,0.9095583842727273,1.7246453818181816e-21,0,-17.67990505,1.0496519,1.0344633,RGI60-07.00238,Storbreen,77.06905198971934,16.36252046306958
50,31/03/2019,1172.8405862748054,2.187534019,1.7246408875e-21,0,-18.10374524,0.6347042,0.6543733,RGI60-07.00238,Storbreen,77.06905198971934,16.36252046306958
51,30/04/2019,1151.0873636723363,1.432824605,1.7246304285714286e-21,0.1237974553656357,-6.808180307,1.0826496,1.0691382,RGI60-07.00238,Storbreen,77.06905198971934,16.36252046306958
52,31/05/2019,1151.4351860219067,0.38294967666222224,1.724565977777778e-21,0.2676352444444444,-8.291963556,1.5079631,1.500965,RGI60-07.00238,Storbreen,77.06905198971934,16.36252046306958
53,30/06/2019,1122.395318,-7.737328229,9.751493285714286,13.278199071428572,0.6376957866285714,2.6612074,2.2873886,RGI60-07.00238,Storbreen,77.06905198971934,16.36252046306958
54,31/07/2019,1121.1687614841248,-21.06867,21.94280622222222,20.951221722222222,2.3080972544444447,4.582521,3.4874191,RGI60-07.00238,Storbreen,77.06905198971934,16.36252046306958
55,31/08/2019,1170.9310711633098,-11.96796959,14.643500600000001,11.990791722222221,1.4157513922222222,5.2053733,4.1778274,RGI60-07.00238,Storbreen,77.06905198971934,16.36252046306958
56,30/09/2019,1196.149218946573,-2.923985788,4.200235122409091,2.6906626945454546,-2.379847427,4.19808,4.0999436,RGI60-07.00238,Storbreen,77.06905198971934,16.36252046306958
57,31/10/2019,1231.9899693154844,0.7452524912499999,0.004908694,0.115665113,-11.31838957,2.3639846,2.366656,RGI60-07.00238,Storbreen,77.06905198971934,16.36252046306958
58,30/11/2019,1243.3211670214919,2.0865562615999997,1.7245476600000004e-21,0,-11.30619524,0.33399802,0.5285154,RGI60-07.00238,Storbreen,77.06905198971934,16.36252046306958
59,31/12/2019,1283.2117337965506,0.615965404,1.7242738e-21,0,-16.5420931,-0.79817855,-0.3755996,RGI60-07.00238,Storbreen,77.06905198971934,16.36252046306958
62,31/03/2020,1250.0630154877667,0.020503025,0.000101471,0.107390815,-23.7484555,-0.30597168,0.06880023,RGI60-07.00238,Storbreen,77.06905198971934,16.36252046306958
63,30/04/2020,1201.0874553539893,-0.003378499,0.000861929,0.897587885,-13.07141668,0.26649082,0.2779338,RGI60-07.00238,Storbreen,77.06905198971934,16.36252046306958
64,31/05/2020,1209.8951019543579,-0.11249671,0.000857166,0.8924809,-11.380547,0.8758197,0.9514022,RGI60-07.00238,Storbreen,77.06905198971934,16.36252046306958
65,30/06/2020,1135.3933038143296,-11.66993325,12.331046749999999,15.795016,0.503606968,2.5161605,2.3565648,RGI60-07.00238,Storbreen,77.06905198971934,16.36252046306958
66,31/07/2020,1154.4001671882606,-22.908381,23.069561,24.8177575,2.2619904,4.4114804,3.433873,RGI60-07.00238,Storbreen,77.06905198971934,16.36252046306958
67,31/08/2020,1193.886323,-20.34234877,21.24950456666667,21.894207833333336,2.7685585883333332,5.2699337,4.3936667,RGI60-07.00238,Storbreen,77.06905198971934,16.36252046306958
68,30/09/2020,1263.2281075600822,-0.17368792,0.36717233,0,-5.9726934,4.185171,4.1823535,RGI60-07.00238,Storbreen,77.06905198971934,16.36252046306958
74,31/03/2021,1338.3653239430619,0.25056366,0.000461661,0.498256835,-15.9849055,0.7393878,0.74159163,RGI60-07.00238,Storbreen,77.06905198971934,16.36252046306958
75,30/04/2021,1360.251154891021,-0.36010793,0.2959408,0.46383676,-11.381445,-0.003975861,0.17723066,RGI60-07.00238,Storbreen,77.06905198971934,16.36252046306958
76,31/05/2021,1360.425008482427,0.084336135,0.004500926,0.000160804,-7.737534971,0.051397298,0.48830417,RGI60-07.00238,Storbreen,77.06905198971934,16.36252046306958
77,30/06/2021,1283.8880393746708,-12.049277,12.054573,13.410813,0.5349944,1.9839926,1.7389913,RGI60-07.00238,Storbreen,77.06905198971934,16.36252046306958
78,31/07/2021,1288.2649468268514,-23.7577694,24.3231392,23.8071704,2.22527732,3.4682114,2.967292,RGI60-07.00238,Storbreen,77.06905198971934,16.36252046306958
79,31/08/2021,1313.9620867681083,-17.66460671,19.068305214285715,16.582057142857142,1.9783529714285712,4.721178,3.9078994,RGI60-07.00238,Storbreen,77.06905198971934,16.36252046306958
80,30/09/2021,1319.4394997619406,-0.02971113,1.633397975,0.52755828,-2.16706385,4.6559105,4.3466206,RGI60-07.00238,Storbreen,77.06905198971934,16.36252046306958
86,31/03/2022,1328.0001271683077,0.03718772,1.7243899e-21,0,-24.450047,0.5181409,0.68131864,RGI60-07.00238,Storbreen,77.06905198971934,16.36252046306958
87,30/04/2022,1334.4111093893107,0.18174335,1.7246926799999998e-21,0,-15.8133856,-0.12916014,0.39105168,RGI60-07.00238,Storbreen,77.06905198971934,16.36252046306958
88,31/05/2022,1317.808671979683,-4.660092744,4.692763671428572,7.811333142857143,-4.858074643,0.8785974,0.74940187,RGI60-07.00238,Storbreen,77.06905198971934,16.36252046306958
89,30/06/2022,1320.296308716051,-17.714495,18.66999,24.3730545,1.846269815,3.3994265,2.4245286,RGI60-07.00238,Storbreen,77.06905198971934,16.36252046306958
90,31/07/2022,1334.7839524862784,-25.75247867,25.953713333333337,28.89984266666667,2.7792331000000003,5.243305,3.9687383,RGI60-07.00238,Storbreen,77.06905198971934,16.36252046306958
91,31/08/2022,1394.877685633508,-1.7645106,1.8959894,1.5388988,-0.7884611,5.6505036,4.5970345,RGI60-07.00238,Storbreen,77.06905198971934,16.36252046306958
92,30/09/2022,1376.379440385998,-9.635643,11.760835,16.941772,2.7354147,4.608274,4.49155,RGI60-07.00238,Storbreen,77.06905198971934,16.36252046306958
0,31/01/2015,0,0.9602168704285715,1.7246838e-21,0,-11.18671699,1.8179052,1.7866907,RGI60-07.00240,Hansbreen,77.01694304524588,15.63895900868985
1,28/02/2015,2.682843355,1.6043591493333333,1.7246810888888888e-21,0.36483614666666664,-13.05443079,1.2213519,1.215814,RGI60-07.00240,Hansbreen,77.01694304524588,15.63895900868985
2,31/03/2015,-7.622823582,1.5301177027272728,1.724558890909091e-21,0,-8.580295913,1.6871549,1.6782281,RGI60-07.00240,Hansbreen,77.01694304524588,15.63895900868985
3,30/04/2015,-9.095707752,1.0116177481538462,1.724554076923077e-21,0.1244547813076923,-7.204770715,1.5608677,1.7838848,RGI60-07.00240,Hansbreen,77.01694304524588,15.63895900868985
4,31/05/2015,-43.78495533,1.7966598971428571,0.020326324285714285,0.806409,-5.926978064,1.5675341,2.3568027,RGI60-07.00240,Hansbreen,77.01694304524588,15.63895900868985
6,31/07/2015,-60.90775935,-32.42772644,33.80094966666667,32.830329,4.287674155555555,4.8572564,4.308266,RGI60-07.00240,Hansbreen,77.01694304524588,15.63895900868985
7,31/08/2015,-25.91984879,-26.8954994,29.5041778,25.0754364,4.19233328,4.4830165,4.694117,RGI60-07.00240,Hansbreen,77.01694304524588,15.63895900868985
8,30/09/2015,-17.15646913,-8.4026924,15.015023999999999,9.93082615,2.049260643,3.6009707,4.2364373,RGI60-07.00240,Hansbreen,77.01694304524588,15.63895900868985
9,31/10/2015,28.249893568643074,0.7310726811818182,0.32442777111818183,0.47494567434727275,-3.998916425,3.1955101,3.3922687,RGI60-07.00240,Hansbreen,77.01694304524588,15.63895900868985
10,30/11/2015,110.08041381564362,1.3416880999999998,0.928421686,1.5305660066054545,-3.261511052,2.0087466,2.218805,RGI60-07.00240,Hansbreen,77.01694304524588,15.63895900868985
11,31/12/2015,160.4932373,-0.163853454,1.216983923076923,1.4079566153846155,-8.8100261,1.7448233,1.8551018,RGI60-07.00240,Hansbreen,77.01694304524588,15.63895900868985
12,31/01/2016,207.28956640708873,1.0500919611538462,0.1455646333846154,0.17427649481053847,-6.906554173,2.436488,2.4281812,RGI60-07.00240,Hansbreen,77.01694304524588,15.63895900868985
13,29/02/2016,280.6301510735573,0.4392667673571428,1.7246571285714286e-21,0,-8.138316321,1.68858,1.6771383,RGI60-07.00240,Hansbreen,77.01694304524588,15.63895900868985
14,31/03/2016,356.20086000917945,1.5266306678333335,1.60078553e-21,0.007466858,-12.88443038,1.7486444,1.7179669,RGI60-07.00240,Hansbreen,77.01694304524588,15.63895900868985
15,30/04/2016,334.1206864101538,0.12137392800000002,1.7246838571428574e-21,0,-8.767397293,1.7818564,1.7712971,RGI60-07.00240,Hansbreen,77.01694304524588,15.63895900868985
18,31/07/2016,373.6279675960627,-32.83725175,33.52284675,36.0731185,5.300141625,5.690445,4.345568,RGI60-07.00240,Hansbreen,77.01694304524588,15.63895900868985
19,31/08/2016,499.03248757195354,-20.17018191,22.033754285714284,20.052016428571427,3.1978985142857144,5.839043,4.9140105,RGI60-07.00240,Hansbreen,77.01694304524588,15.63895900868985
20,30/09/2016,644.0477640758492,-14.48782508,19.42942622,16.13588282,2.47822986,4.881578,4.838673,RGI60-07.00240,Hansbreen,77.01694304524588,15.63895900868985
21,31/10/2016,632.6164267,-3.551712475,5.287410853,2.03023255,-1.26443774,4.589134,4.6045117,RGI60-07.00240,Hansbreen,77.01694304524588,15.63895900868985
22,30/11/2016,776.4832976784313,1.6819472705384617,0.075505634,0.14084883846153845,-4.36741276,4.430913,4.4239964,RGI60-07.00240,Hansbreen,77.01694304524588,15.63895900868985
23,31/12/2016,765.0724923523802,2.671529578571428,1.7245089571428572e-21,0.007455079,-8.682471843,3.5809853,3.5734448,RGI60-07.00240,Hansbreen,77.01694304524588,15.63895900868985
24,31/01/2017,876.1815368370613,0.65383119,1.7244742000000002e-21,3.791968923076923e-08,-13.67698765,3.0759623,3.0724123,RGI60-07.00240,Hansbreen,77.01694304524588,15.63895900868985
25,28/02/2017,873.2120633916448,0.63255554,0.7120481,0.5991031682047514,-12.75744301,2.9411597,2.9244802,RGI60-07.00240,Hansbreen,77.01694304524588,15.63895900868985
26,31/03/2017,866.4433844961962,0.7825869217272726,1.724781418181818e-21,0,-13.79691431,2.3501697,2.3472612,RGI60-07.00240,Hansbreen,77.01694304524588,15.63895900868985
27,30/04/2017,800.1958763749163,1.9484714061428572,1.7247252285714286e-21,0,-10.95159973,1.7480614,2.1642423,RGI60-07.00240,Hansbreen,77.01694304524588,15.63895900868985
28,31/05/2017,702.9273801,-0.206585203,1.7245941375e-21,0,-7.459619969,2.084887,2.257705,RGI60-07.00240,Hansbreen,77.01694304524588,15.63895900868985
29,30/06/2017,788.0516134213154,-9.78549594,9.9146552,14.08532686,1.55648498,3.0128765,3.0864906,RGI60-07.00240,Hansbreen,77.01694304524588,15.63895900868985
30,31/07/2017,806.3080706159504,-33.3121015,34.68103925,35.036642,4.716315463,5.856797,4.268431,RGI60-07.00240,Hansbreen,77.01694304524588,15.63895900868985
31,31/08/2017,853.5414920509983,-20.30138762,21.302334076923078,20.507022000000003,3.760942530769231,6.067991,4.999442,RGI60-07.00240,Hansbreen,77.01694304524588,15.63895900868985
32,30/09/2017,899.7782078479266,-17.64744922,21.495818999999997,21.060181766666666,3.6700200666666665,5.5821805,5.355537,RGI60-07.00240,Hansbreen,77.01694304524588,15.63895900868985
33,31/10/2017,957.5605024550019,-1.227166987,2.56701218,2.3924815642857142,-1.622970273,4.8780293,4.862096,RGI60-07.00240,Hansbreen,77.01694304524588,15.63895900868985
34,30/11/2017,1037.733341681524,1.5893432469285713,1.7246098285714287e-21,0.1995847802142857,-4.256313476,3.1626697,3.1891806,RGI60-07.00240,Hansbreen,77.01694304524588,15.63895900868985
35,31/12/2017,1057.338127291635,1.256029361,1.7246175e-21,0,-6.440109631,2.1316066,2.1423516,RGI60-07.00240,Hansbreen,77.01694304524588,15.63895900868985
36,31/01/2018,1092.9175822044754,1.0590205443529412,0.043716441,2.121315023529412,-9.886188182,1.4255996,1.4390323,RGI60-07.00240,Hansbreen,77.01694304524588,15.63895900868985
37,28/02/2018,1103.1305052624416,0.514638126,1.7247227555555556e-21,0.043194784,-8.699740411,2.282001,2.2650824,RGI60-07.00240,Hansbreen,77.01694304524588,15.63895900868985
38,31/03/2018,1074.306807410228,0.023236352700000004,1.7245696933333332e-21,0,-16.3602815,1.9886953,1.9750628,RGI60-07.00240,Hansbreen,77.01694304524588,15.63895900868985
39,30/04/2018,1010.6953632045767,1.080336458,1.7247057125e-21,0.005613788,-11.69969262,0.78448665,1.3763083,RGI60-07.00240,Hansbreen,77.01694304524588,15.63895900868985
40,31/05/2018,1042.5495054698813,-5.415241618,7.7530555,7.540902503,0.043828225,2.3679187,2.2570662,RGI60-07.00240,Hansbreen,77.01694304524588,15.63895900868985
41,30/06/2018,1044.3750140280545,-29.44995722,30.275727888888884,28.884300000000003,2.3762160277777777,3.3828914,3.0861087,RGI60-07.00240,Hansbreen,77.01694304524588,15.63895900868985
42,31/07/2018,1077.3784767480333,-41.480982,45.031571285714286,44.115900571428575,5.308274957142857,4.6805434,3.8637884,RGI60-07.00240,Hansbreen,77.01694304524588,15.63895900868985
43,31/08/2018,1087.0574716141941,-20.85688429,22.27591413,21.5118005,3.683970713,5.585473,4.597234,RGI60-07.00240,Hansbreen,77.01694304524588,15.63895900868985
44,30/09/2018,1121.4336947147476,-1.272587825,1.27266063,1.2658623333333334,-3.5109137,4.921258,4.570106,RGI60-07.00240,Hansbreen,77.01694304524588,15.63895900868985
45,31/10/2018,1137.6624236155876,-0.041437198,1.8921416473333332,2.1459518316165336,-4.062369269,3.3962038,3.4496784,RGI60-07.00240,Hansbreen,77.01694304524588,15.63895900868985
46,30/11/2018,1168.685073734482,1.6230528534615385,0.005126772,0.012535546,-5.693085724,3.418221,3.3899405,RGI60-07.00240,Hansbreen,77.01694304524588,15.63895900868985
48,31/01/2019,1217.5999147075413,3.080771634,1.72454754e-21,0,-13.40235665,1.7235539,1.7188663,RGI60-07.00240,Hansbreen,77.01694304524588,15.63895900868985
49,28/02/2019,1190.9979873596362,0.532078879,1.72476525e-21,0,-15.01115475,1.8154066,1.7966135,RGI60-07.00240,Hansbreen,77.01694304524588,15.63895900868985
50,31/03/2019,1172.8405862748054,0.5422030228571428,1.7246304571428573e-21,0,-15.078485,1.398613,1.4618589,RGI60-07.00240,Hansbreen,77.01694304524588,15.63895900868985
51,30/04/2019,1151.0873636723363,0.9343970425454546,1.7246192e-21,0.2962841118181818,-5.462135535,1.8340627,1.8250611,RGI60-07.00240,Hansbreen,77.01694304524588,15.63895900868985
52,31/05/2019,1151.4351860219067,0.2427347497142857,1.7246571571428574e-21,0.47879679428571426,-4.898202076,2.064551,2.0400205,RGI60-07.00240,Hansbreen,77.01694304524588,15.63895900868985
53,30/06/2019,1122.395318,-20.20038941,20.431549636363638,23.184081,2.6230780354545455,2.9495358,2.645718,RGI60-07.00240,Hansbreen,77.01694304524588,15.63895900868985
54,31/07/2019,1121.1687614841248,-34.66602209,35.80535772727273,33.26053027272727,5.3041889636363635,4.8449225,3.6687903,RGI60-07.00240,Hansbreen,77.01694304524588,15.63895900868985
55,31/08/2019,1170.9310711633098,-13.56431525,14.39218306,14.23212141,3.179988575,5.3742676,4.3577805,RGI60-07.00240,Hansbreen,77.01694304524588,15.63895900868985
56,30/09/2019,1196.149218946573,-3.060071344,4.306793621,2.2332913646666666,-0.613802025,4.5138116,4.333692,RGI60-07.00240,Hansbreen,77.01694304524588,15.63895900868985
57,31/10/2019,1231.9899693154844,0.177586742,0.22938322385234544,0.5838115909090908,-9.384626236,2.697177,2.703278,RGI60-07.00240,Hansbreen,77.01694304524588,15.63895900868985
58,30/11/2019,1243.3211670214919,0.6782305635714286,1.7245830714285715e-21,0,-11.39077909,1.1682045,1.3565385,RGI60-07.00240,Hansbreen,77.01694304524588,15.63895900868985
59,31/12/2019,1283.2117337965506,0.045147544416666664,1.7246547500000003e-21,0,-15.11557053,-0.70806783,0.05673162,RGI60-07.00240,Hansbreen,77.01694304524588,15.63895900868985
62,31/03/2020,1250.0630154877667,1.320452639807143,0.000340629,0.32940792091428567,-17.62464217,0.14776441,0.8388434,RGI60-07.00240,Hansbreen,77.01694304524588,15.63895900868985
63,30/04/2020,1201.0874553539893,0.17304989133333334,0.210234462,0.890195765,-10.2402552,0.84941214,0.9035574,RGI60-07.00240,Hansbreen,77.01694304524588,15.63895900868985
64,31/05/2020,1209.8951019543579,0.40512749549999993,0.991536218,4.141485855,-4.257894095,1.4792535,1.6339298,RGI60-07.00240,Hansbreen,77.01694304524588,15.63895900868985
65,30/06/2020,1135.3933038143296,-21.57881309,23.22095667142857,24.162139142857143,3.3417872857142856,2.7453487,2.6440098,RGI60-07.00240,Hansbreen,77.01694304524588,15.63895900868985
66,31/07/2020,1154.4001671882606,-40.8911062,45.1106354,44.87852719999999,4.83673892,4.6947665,3.743102,RGI60-07.00240,Hansbreen,77.01694304524588,15.63895900868985
67,31/08/2020,1193.886323,-24.10421063,25.79330033,25.343542943750002,4.271952031,5.537788,4.607631,RGI60-07.00240,Hansbreen,77.01694304524588,15.63895900868985
68,30/09/2020,1263.2281075600822,-9.19394558,11.29081502,7.611500940000001,0.21535869444444453,4.533386,4.3152747,RGI60-07.00240,Hansbreen,77.01694304524588,15.63895900868985
74,31/03/2021,1338.3653239430619,2.5680420584166668,7.6299945e-05,0.11085556833333333,-12.01248911,1.4787452,1.4674746,RGI60-07.00240,Hansbreen,77.01694304524588,15.63895900868985
75,30/04/2021,1360.251154891021,1.5180906253846156,0.049911832,0.3676635792307692,-8.055569892,0.67607856,0.8852946,RGI60-07.00240,Hansbreen,77.01694304524588,15.63895900868985
76,31/05/2021,1360.425008482427,0.058274457,2.1441928687500075e-07,0.43713459843999997,-5.614585971,0.6313611,1.151382,RGI60-07.00240,Hansbreen,77.01694304524588,15.63895900868985
78,31/07/2021,1288.2649468268514,-36.8141015,37.939158750000004,42.00977425,3.6469829000000002,3.7443082,3.2811,RGI60-07.00240,Hansbreen,77.01694304524588,15.63895900868985
79,31/08/2021,1313.9620867681083,-23.28631457,24.39593485714286,21.969435714285712,4.2845540571428575,5.002314,4.0661025,RGI60-07.00240,Hansbreen,77.01694304524588,15.63895900868985
80,30/09/2021,1319.4394997619406,-9.820064336,12.358237509642858,10.04867264,1.3712485092857143,4.9843817,4.529377,RGI60-07.00240,Hansbreen,77.01694304524588,15.63895900868985
86,31/03/2022,1328.0001271683077,0.027512728,0.5109419020909091,1.363994260909091,-11.80060598,1.3866959,1.6092598,RGI60-07.00240,Hansbreen,77.01694304524588,15.63895900868985
87,30/04/2022,1334.4111093893107,-0.829209644,0.7916187963636364,0.8958921072727274,-12.30744018,0.09853783,1.1437006,RGI60-07.00240,Hansbreen,77.01694304524588,15.63895900868985
88,31/05/2022,1317.808671979683,-8.363398181,8.658338742857143,13.53572051,-1.818294243,1.4478936,1.3075572,RGI60-07.00240,Hansbreen,77.01694304524588,15.63895900868985
89,30/06/2022,1320.296308716051,-34.5033485,38.737199000000004,41.6370215,3.8047143,4.0992618,3.0772705,RGI60-07.00240,Hansbreen,77.01694304524588,15.63895900868985
90,31/07/2022,1334.7839524862784,-46.3238574,49.6569315,46.8413014,5.17654077,5.6832304,4.3311563,RGI60-07.00240,Hansbreen,77.01694304524588,15.63895900868985
91,31/08/2022,1394.877685633508,-17.95835222,18.628967166666666,13.378590466666667,3.061050723333333,5.9800262,4.8788323,RGI60-07.00240,Hansbreen,77.01694304524588,15.63895900868985
92,30/09/2022,1376.379440385998,-6.425228498,7.836646456259333,6.434275405728667,0.6169848333333335,4.782329,4.6415057,RGI60-07.00240,Hansbreen,77.01694304524588,15.63895900868985
0,31/01/2015,0,0.587329025,0.000662706,0.677896775,-10.00800359,0.8144398,0.82541394,RGI60-07.00242,Austre Torellbreen,77.16286031994127,15.072524766929497
1,28/02/2015,2.682843355,0.725437255,0.000503143,0.518029968,-17.07743409,0.66440797,0.70364606,RGI60-07.00242,Austre Torellbreen,77.16286031994127,15.072524766929497
2,31/03/2015,-7.622823582,1.4091695809333333,0.002541924,0.8427487853333333,-10.15451925,0.99733853,0.985174,RGI60-07.00242,Austre Torellbreen,77.16286031994127,15.072524766929497
3,30/04/2015,-9.095707752,0.98786616,0.024899068023333335,1.0070096673333333,-7.486932238,1.1035534,1.0999813,RGI60-07.00242,Austre Torellbreen,77.16286031994127,15.072524766929497
4,31/05/2015,-43.78495533,0.17164508214285715,0.050608618,0.9897931248857142,-5.4630072,1.410295,1.6403725,RGI60-07.00242,Austre Torellbreen,77.16286031994127,15.072524766929497
6,31/07/2015,-60.90775935,-27.35453876,28.336425647058824,28.400898235294118,3.3161646705882353,4.8931966,4.151826,RGI60-07.00242,Austre Torellbreen,77.16286031994127,15.072524766929497
7,31/08/2015,-25.91984879,-30.288925,33.66632772727273,34.905013181818184,3.824953527272727,4.6783037,4.777257,RGI60-07.00242,Austre Torellbreen,77.16286031994127,15.072524766929497
8,30/09/2015,-17.15646913,-5.089931043,10.507638133333334,6.075512483333334,0.17787666666666668,3.4276795,3.759788,RGI60-07.00242,Austre Torellbreen,77.16286031994127,15.072524766929497
9,31/10/2015,28.249893568643074,0.07883662,1.256740896,1.605711263,-5.689140854,2.5742764,2.5813403,RGI60-07.00242,Austre Torellbreen,77.16286031994127,15.072524766929497
10,30/11/2015,110.08041381564362,-0.113314751,1.7412062,1.9331393666666665,-6.36346675,1.4996856,1.4991968,RGI60-07.00242,Austre Torellbreen,77.16286031994127,15.072524766929497
11,31/12/2015,160.4932373,1.0917778476888889,9.444505000000146e-08,9.164502555555556e-05,-9.903709756,0.98166406,0.9881514,RGI60-07.00242,Austre Torellbreen,77.16286031994127,15.072524766929497
12,31/01/2016,207.28956640708873,0.9884748074999999,0.000391829,6.908258816666667e-05,-8.150166075,1.5832977,1.581082,RGI60-07.00242,Austre Torellbreen,77.16286031994127,15.072524766929497
13,29/02/2016,280.6301510735573,0.910704766,1.7245941125000002e-21,0,-8.339937588,1.1971347,1.1941581,RGI60-07.00242,Austre Torellbreen,77.16286031994127,15.072524766929497
14,31/03/2016,356.20086000917945,1.182296709,1.724682325e-21,0.020823373,-11.56806891,1.1319577,1.1207715,RGI60-07.00242,Austre Torellbreen,77.16286031994127,15.072524766929497
15,30/04/2016,334.1206864101538,0.15381549133529412,1.7246426941176473e-21,0,-9.243968124,1.2070658,1.1990737,RGI60-07.00242,Austre Torellbreen,77.16286031994127,15.072524766929497
17,30/06/2016,373.95452705855587,-14.5301412,14.301570100000001,16.4030747,0.758370452,3.732904,3.2763214,RGI60-07.00242,Austre Torellbreen,77.16286031994127,15.072524766929497
18,31/07/2016,373.6279675960627,-40.0572275,42.2520485,40.867720999999996,3.793633591666667,5.779699,4.2968388,RGI60-07.00242,Austre Torellbreen,77.16286031994127,15.072524766929497
19,31/08/2016,499.03248757195354,-12.12765342,13.976847315384616,12.678026892307692,2.393672778307692,5.8164835,4.8496714,RGI60-07.00242,Austre Torellbreen,77.16286031994127,15.072524766929497
20,30/09/2016,644.0477640758492,-10.04492012,16.66889463,15.356319916666665,1.7259236491666667,4.7173405,4.6661863,RGI60-07.00242,Austre Torellbreen,77.16286031994127,15.072524766929497
21,31/10/2016,632.6164267,-2.5058241,3.7732980533333333,0.48309536666666664,-1.519310133,4.231104,4.2846074,RGI60-07.00242,Austre Torellbreen,77.16286031994127,15.072524766929497
22,30/11/2016,776.4832976784313,-0.192600862,0.9137736571091111,0.3751953555555556,-4.661203051,4.1019783,4.102287,RGI60-07.00242,Austre Torellbreen,77.16286031994127,15.072524766929497
23,31/12/2016,765.0724923523802,2.2527998879999998,1.5335127900000001e-21,0.187119686,-8.55566144,3.1305172,3.1289003,RGI60-07.00242,Austre Torellbreen,77.16286031994127,15.072524766929497
24,31/01/2017,876.1815368370613,0.9079512746923076,1.7244676923076924e-21,0.083051623,-12.82510402,2.4991386,2.4941533,RGI60-07.00242,Austre Torellbreen,77.16286031994127,15.072524766929497
25,28/02/2017,873.2120633916448,2.570708075,1.53314549875e-21,0.000111437,-14.39548363,2.4688442,2.4496095,RGI60-07.00242,Austre Torellbreen,77.16286031994127,15.072524766929497
26,31/03/2017,866.4433844961962,1.0392577511333334,1.7245946666666667e-21,0,-14.38656829,1.7723528,1.7704966,RGI60-07.00242,Austre Torellbreen,77.16286031994127,15.072524766929497
27,30/04/2017,800.1958763749163,1.4821597758785714,1.7246838857142858e-21,0,-10.79700409,1.153981,1.2029827,RGI60-07.00242,Austre Torellbreen,77.16286031994127,15.072524766929497
28,31/05/2017,702.9273801,0.7331376908791668,1.7246271083333332e-21,0.10925797916666667,-7.140325617,1.6633246,1.6755993,RGI60-07.00242,Austre Torellbreen,77.16286031994127,15.072524766929497
29,30/06/2017,788.0516134213154,-6.751118613,6.879671625,10.98528488,0.6812092750000001,3.1672604,2.7808867,RGI60-07.00242,Austre Torellbreen,77.16286031994127,15.072524766929497
30,31/07/2017,806.3080706159504,-24.49753871,25.801356571428574,23.707831785714284,2.39935658,5.996205,4.285701,RGI60-07.00242,Austre Torellbreen,77.16286031994127,15.072524766929497
31,31/08/2017,853.5414920509983,-12.48456444,13.579495555555557,12.9143882,2.322162101111111,6.0898514,5.0473776,RGI60-07.00242,Austre Torellbreen,77.16286031994127,15.072524766929497
32,30/09/2017,899.7782078479266,-14.10732961,18.243553220000003,13.218836970000002,2.3665670039999998,5.487775,5.3088703,RGI60-07.00242,Austre Torellbreen,77.16286031994127,15.072524766929497
33,31/10/2017,957.5605024550019,-2.495683616,4.6717140765066665,3.5160051451866665,-2.862777343,4.7657275,4.7682257,RGI60-07.00242,Austre Torellbreen,77.16286031994127,15.072524766929497
34,30/11/2017,1037.733341681524,0.6225154704705882,1.7246647294117645e-21,0,-6.14046431,2.833472,2.8345592,RGI60-07.00242,Austre Torellbreen,77.16286031994127,15.072524766929497
35,31/12/2017,1057.338127291635,0.6075562885999999,1.7245696933333332e-21,0,-8.547076147,1.6283652,1.6250265,RGI60-07.00242,Austre Torellbreen,77.16286031994127,15.072524766929497
36,31/01/2018,1092.9175822044754,0.9233925371541176,1.5319090407058825e-21,4.056190529411765e-05,-9.309525029,0.9412088,0.9368939,RGI60-07.00242,Austre Torellbreen,77.16286031994127,15.072524766929497
37,28/02/2018,1103.1305052624416,0.7801446313571428,1.7246097428571428e-21,0.06103838,-8.384816657,1.5577132,1.5511725,RGI60-07.00242,Austre Torellbreen,77.16286031994127,15.072524766929497
38,31/03/2018,1074.306807410228,0.060167996100000024,1.7246138999999998e-21,0,-16.128991,1.2437196,1.244288,RGI60-07.00242,Austre Torellbreen,77.16286031994127,15.072524766929497
39,30/04/2018,1010.6953632045767,0.47536307277777784,1.7245867222222223e-21,0.023855374999999998,-11.22145407,0.53952736,0.56675094,RGI60-07.00242,Austre Torellbreen,77.16286031994127,15.072524766929497
40,31/05/2018,1042.5495054698813,-1.95575865,3.683242275,3.644913929,-1.249411516,1.4296566,1.3972592,RGI60-07.00242,Austre Torellbreen,77.16286031994127,15.072524766929497
41,30/06/2018,1044.3750140280545,-14.76971582,15.227402000000001,16.05247813,1.111453675,3.0858088,2.7118216,RGI60-07.00242,Austre Torellbreen,77.16286031994127,15.072524766929497
42,31/07/2018,1077.3784767480333,-26.7507825,27.050818999999997,32.048342,3.3639302,4.7186756,3.8068652,RGI60-07.00242,Austre Torellbreen,77.16286031994127,15.072524766929497
43,31/08/2018,1087.0574716141941,-22.84453065,29.0189765,30.679812300000002,2.8601408499999996,5.5628767,4.629481,RGI60-07.00242,Austre Torellbreen,77.16286031994127,15.072524766929497
44,30/09/2018,1121.4336947147476,-0.33124694,0.47192086126759825,0.508608491,-3.575126336,4.696131,4.469144,RGI60-07.00242,Austre Torellbreen,77.16286031994127,15.072524766929497
45,31/10/2018,1137.6624236155876,0.8527805486136363,2.5878946006576182,2.148339607,-3.773624406,3.1386442,3.138139,RGI60-07.00242,Austre Torellbreen,77.16286031994127,15.072524766929497
46,30/11/2018,1168.685073734482,1.1131359552352942,0.3594281247058823,0.5443614294117647,-5.861631422,2.9275753,2.917185,RGI60-07.00242,Austre Torellbreen,77.16286031994127,15.072524766929497
48,31/01/2019,1217.5999147075413,1.252408733,1.72468026e-21,0,-13.56944658,1.3704505,1.4034127,RGI60-07.00242,Austre Torellbreen,77.16286031994127,15.072524766929497
49,28/02/2019,1190.9979873596362,0.255708906,1.7246356e-21,0,-16.07546541,1.3089973,1.3221334,RGI60-07.00242,Austre Torellbreen,77.16286031994127,15.072524766929497
50,31/03/2019,1172.8405862748054,0.5000053694722222,1.7245291e-21,0,-16.19733696,0.8691404,0.88367397,RGI60-07.00242,Austre Torellbreen,77.16286031994127,15.072524766929497
51,30/04/2019,1151.0873636723363,1.1860199375555556,1.724649e-21,0.062047898,-8.734103411,1.0059388,0.94534814,RGI60-07.00242,Austre Torellbreen,77.16286031994127,15.072524766929497
52,31/05/2019,1151.4351860219067,0.23650865639000002,1.724599475e-21,0.333243092,-6.183587522,1.5778774,1.5671651,RGI60-07.00242,Austre Torellbreen,77.16286031994127,15.072524766929497
53,30/06/2019,1122.395318,-11.2443647,11.095247142857144,13.999233142857145,0.7162793542857143,2.9107375,2.5292897,RGI60-07.00242,Austre Torellbreen,77.16286031994127,15.072524766929497
54,31/07/2019,1121.1687614841248,-25.593464,25.745761,26.286682499999998,4.99330635,4.846015,3.6904564,RGI60-07.00242,Austre Torellbreen,77.16286031994127,15.072524766929497
55,31/08/2019,1170.9310711633098,-18.81672358,20.805327646153845,17.40105756153846,2.470504818461538,5.4935517,4.4692183,RGI60-07.00242,Austre Torellbreen,77.16286031994127,15.072524766929497
56,30/09/2019,1196.149218946573,-4.022816598,6.273884814943077,7.594054981538462,-0.956180911,4.2564425,4.1821394,RGI60-07.00242,Austre Torellbreen,77.16286031994127,15.072524766929497
57,31/10/2019,1231.9899693154844,0.6610007118888889,0.095452437,0.22297516666666667,-8.696250993,2.4223697,2.4257128,RGI60-07.00242,Austre Torellbreen,77.16286031994127,15.072524766929497
58,30/11/2019,1243.3211670214919,0.7236548856666667,1.7246388666666666e-21,0,-9.454443473,0.6423155,0.6619298,RGI60-07.00242,Austre Torellbreen,77.16286031994127,15.072524766929497
59,31/12/2019,1283.2117337965506,0.863905811,1.7246589625e-21,0,-13.57669463,-0.6300573,-0.19645584,RGI60-07.00242,Austre Torellbreen,77.16286031994127,15.072524766929497
62,31/03/2020,1250.0630154877667,1.2940739067647058,0.00092584,0.9067767805882354,-17.91234876,-0.19268984,0.019133056,RGI60-07.00242,Austre Torellbreen,77.16286031994127,15.072524766929497
63,30/04/2020,1201.0874553539893,0.474954963,0.001343295,1.349497298,-13.04661905,0.4158257,0.4419828,RGI60-07.00242,Austre Torellbreen,77.16286031994127,15.072524766929497
64,31/05/2020,1209.8951019543579,-1.171544488,2.065598059,3.23359036,-4.461193627,1.2024825,1.16295,RGI60-07.00242,Austre Torellbreen,77.16286031994127,15.072524766929497
65,30/06/2020,1135.3933038143296,-21.959578,21.974083,21.762516,2.869879,2.746972,2.4348688,RGI60-07.00242,Austre Torellbreen,77.16286031994127,15.072524766929497
66,31/07/2020,1154.4001671882606,-39.27951933,40.48963116666666,36.985838,4.3991018,4.6503143,3.5990763,RGI60-07.00242,Austre Torellbreen,77.16286031994127,15.072524766929497
67,31/08/2020,1193.886323,-20.62893274,24.17004223,21.1583379,3.33586939,5.551751,4.70923,RGI60-07.00242,Austre Torellbreen,77.16286031994127,15.072524766929497
68,30/09/2020,1263.2281075600822,-6.365519629,12.229745603928572,9.739964568571429,0.48643410214285715,4.340086,4.274744,RGI60-07.00242,Austre Torellbreen,77.16286031994127,15.072524766929497
74,31/03/2021,1338.3653239430619,2.144962511,0.066251158,0.201620699,-11.51504458,0.9012175,0.8955345,RGI60-07.00242,Austre Torellbreen,77.16286031994127,15.072524766929497
75,30/04/2021,1360.251154891021,1.1609603000000002,0.1043475353888889,0.38647655000000003,-8.460694486,0.26729938,0.2828763,RGI60-07.00242,Austre Torellbreen,77.16286031994127,15.072524766929497
76,31/05/2021,1360.425008482427,-0.07933998,0.114261263,0.218843593,-6.12828975,0.4436882,0.47427756,RGI60-07.00242,Austre Torellbreen,77.16286031994127,15.072524766929497
77,30/06/2021,1283.8880393746708,-5.863281258,7.49510078,9.902740028,0.32607426,2.0347512,1.8934482,RGI60-07.00242,Austre Torellbreen,77.16286031994127,15.072524766929497
78,31/07/2021,1288.2649468268514,-20.50880829,23.012460285714287,22.354258428571427,2.6060040714285715,3.736508,3.082898,RGI60-07.00242,Austre Torellbreen,77.16286031994127,15.072524766929497
79,31/08/2021,1313.9620867681083,-16.7544323,19.0529914,15.328213299999998,2.48568719,4.824547,4.1337132,RGI60-07.00242,Austre Torellbreen,77.16286031994127,15.072524766929497
80,30/09/2021,1319.4394997619406,-8.759619594,10.769322963076924,8.292261365038462,0.6040054161538462,4.819624,4.574026,RGI60-07.00242,Austre Torellbreen,77.16286031994127,15.072524766929497
86,31/03/2022,1328.0001271683077,-0.145622729,1.72467608e-21,0,-17.1998038,0.68935245,0.706666,RGI60-07.00242,Austre Torellbreen,77.16286031994127,15.072524766929497
87,30/04/2022,1334.4111093893107,0.37020900106666665,1.7246816266666668e-21,0.008788972,-11.87271916,0.38066432,0.5607683,RGI60-07.00242,Austre Torellbreen,77.16286031994127,15.072524766929497
88,31/05/2022,1317.808671979683,-5.244234509,5.57249275,7.033071465000001,-5.22821468,0.901307,0.79234093,RGI60-07.00242,Austre Torellbreen,77.16286031994127,15.072524766929497
89,30/06/2022,1320.296308716051,-28.60390567,32.88829833333333,29.51469188888889,2.6046806444444446,3.52612,2.8738978,RGI60-07.00242,Austre Torellbreen,77.16286031994127,15.072524766929497
90,31/07/2022,1334.7839524862784,-41.85160238,46.98198613,41.819950874999996,4.01907835,5.4515505,4.399014,RGI60-07.00242,Austre Torellbreen,77.16286031994127,15.072524766929497
91,31/08/2022,1394.877685633508,-24.054206,24.80191575,19.49482025,2.639535615,5.9159045,5.060934,RGI60-07.00242,Austre Torellbreen,77.16286031994127,15.072524766929497
92,30/09/2022,1376.379440385998,-6.99985475,17.1990198,15.003383466666667,1.139809565,4.700521,4.6172814,RGI60-07.00242,Austre Torellbreen,77.16286031994127,15.072524766929497
0,31/01/2015,0,2.48839741,1.7247924800000003e-21,0,-14.00495781,-1.7255657,0.40593877,RGI60-07.00027,Austfonna basin 3,79.42246053624564,25.451034948167003
1,28/02/2015,2.682843355,0.8726959833636364,1.7247134545454544e-21,0,-17.18584895,-1.509121,0.4648378,RGI60-07.00027,Austfonna basin 3,79.42246053624564,25.451034948167003
2,31/03/2015,-7.622823582,1.822397080318182,1.7247134545454544e-21,0,-13.82468856,-1.4628309,-0.09650232,RGI60-07.00027,Austfonna basin 3,79.42246053624564,25.451034948167003
3,30/04/2015,-9.095707752,1.415548268190476,1.724531657142857e-21,0.004158861,-11.90981676,-1.7709222,-0.5586107,RGI60-07.00027,Austfonna basin 3,79.42246053624564,25.451034948167003
4,31/05/2015,-43.78495533,-0.036230951,1.7245890857142857e-21,0,-11.18490171,-1.8264375,-0.60550416,RGI60-07.00027,Austfonna basin 3,79.42246053624564,25.451034948167003
10,30/11/2015,110.08041381564362,1.7932845507416666,1.7245683166666667e-21,0,-8.448450995,-1.2893792,0.05013111,RGI60-07.00027,Austfonna basin 3,79.42246053624564,25.451034948167003
11,31/12/2015,160.4932373,2.805380788318182,1.7246361727272726e-21,0,-10.79601847,-1.6259265,-0.6844518,RGI60-07.00027,Austfonna basin 3,79.42246053624564,25.451034948167003
12,31/01/2016,207.28956640708873,2.527475228,1.72453465e-21,0.030075291,-8.165212544,-1.6404996,-0.9141374,RGI60-07.00027,Austfonna basin 3,79.42246053624564,25.451034948167003
13,29/02/2016,280.6301510735573,1.925930402,1.7246288720000002e-21,0,-10.34560786,-1.7114295,-1.2973335,RGI60-07.00027,Austfonna basin 3,79.42246053624564,25.451034948167003
14,31/03/2016,356.20086000917945,1.6856750803181817,1.7245929090909093e-21,0,-11.00968847,-1.6699837,-1.2527096,RGI60-07.00027,Austfonna basin 3,79.42246053624564,25.451034948167003
15,30/04/2016,334.1206864101538,0.6074173939999999,1.72482136e-21,0,-12.5675072,-1.7258633,-1.2546216,RGI60-07.00027,Austfonna basin 3,79.42246053624564,25.451034948167003
21,31/10/2016,632.6164267,1.6214852716666668,1.1498435666666668e-21,0.06805172,-2.454663733,0.8374739,1.318953,RGI60-07.00027,Austfonna basin 3,79.42246053624564,25.451034948167003
22,30/11/2016,776.4832976784313,1.902303074,0.033008192,0.330478938,-5.180905823,0.37714,1.4857409,RGI60-07.00027,Austfonna basin 3,79.42246053624564,25.451034948167003
23,31/12/2016,765.0724923523802,2.6268905273333334,1.7245682833333333e-21,0.005965845,-9.054958463,-0.6187544,0.82331574,RGI60-07.00027,Austfonna basin 3,79.42246053624564,25.451034948167003
24,31/01/2017,876.1815368370613,0.601178949,1.72458075e-21,0,-12.6428854,-1.1379942,-0.04961427,RGI60-07.00027,Austfonna basin 3,79.42246053624564,25.451034948167003
25,28/02/2017,873.2120633916448,1.081113351,8.781454901500001e-06,0.008746176,-10.46778794,-0.8380038,-0.540078,RGI60-07.00027,Austfonna basin 3,79.42246053624564,25.451034948167003
26,31/03/2017,866.4433844961962,0.9251600649565218,2.1479113478260883e-06,0.002114192,-17.84507772,-1.2970226,-0.9197262,RGI60-07.00027,Austfonna basin 3,79.42246053624564,25.451034948167003
27,30/04/2017,800.1958763749163,0.015323226,1.7245272e-21,0,-20.6460355,-1.7388698,-1.3182554,RGI60-07.00027,Austfonna basin 3,79.42246053624564,25.451034948167003
29,30/06/2017,788.0516134213154,-1.934495419,2.6031453,5.957862305,-0.906386305,-1.810464,-1.5850269,RGI60-07.00027,Austfonna basin 3,79.42246053624564,25.451034948167003
30,31/07/2017,806.3080706159504,-15.14848165,14.572014870588236,15.977569223529413,0.8758345529411765,-0.8563081,-1.2096996,RGI60-07.00027,Austfonna basin 3,79.42246053624564,25.451034948167003
31,31/08/2017,853.5414920509983,-6.623704,5.0575126,4.4244888,0.901798035,0.8949267,-0.50141203,RGI60-07.00027,Austfonna basin 3,79.42246053624564,25.451034948167003
32,30/09/2017,899.7782078479266,-2.206865,1.9591798,4.90189,1.9309537,0.25668132,0.409631,RGI60-07.00027,Austfonna basin 3,79.42246053624564,25.451034948167003
33,31/10/2017,957.5605024550019,1.4748362,0.020244867,0.02433424,-3.1394937,0.19785367,1.3422283,RGI60-07.00027,Austfonna basin 3,79.42246053624564,25.451034948167003
34,30/11/2017,1037.733341681524,1.6951466516666667,1.7246490444444443e-21,0,-9.3881729,-1.1471629,0.6272822,RGI60-07.00027,Austfonna basin 3,79.42246053624564,25.451034948167003
35,31/12/2017,1057.338127291635,2.987552732173913,3.765142695653373e-09,3.826340130434783e-06,-8.202103896,-1.6521896,-0.2988776,RGI60-07.00027,Austfonna basin 3,79.42246053624564,25.451034948167003
36,31/01/2018,1092.9175822044754,1.4771573486363636,1.7245929090909093e-21,0,-12.22310496,-1.6951697,-0.6432687,RGI60-07.00027,Austfonna basin 3,79.42246053624564,25.451034948167003
37,28/02/2018,1103.1305052624416,1.3896513911111112,1.7246811333333334e-21,0,-12.38448814,-1.6463989,0.49163148,RGI60-07.00027,Austfonna basin 3,79.42246053624564,25.451034948167003
38,31/03/2018,1074.306807410228,0.496101733,1.7246138999999998e-21,0,-18.76497053,-1.6723477,-0.17183937,RGI60-07.00027,Austfonna basin 3,79.42246053624564,25.451034948167003
39,30/04/2018,1010.6953632045767,0.5631901241578947,1.7245759684210525e-21,0,-15.43693137,-1.8043505,-0.43235728,RGI60-07.00027,Austfonna basin 3,79.42246053624564,25.451034948167003
40,31/05/2018,1042.5495054698813,2.35862924,1.7248587e-21,1.07137,-2.0985223,-1.880185,-0.13970949,RGI60-07.00027,Austfonna basin 3,79.42246053624564,25.451034948167003
45,31/10/2018,1137.6624236155876,1.2627738,1.5726016416666668e-21,0,-5.280914217,0.90290326,1.4113222,RGI60-07.00027,Austfonna basin 3,79.42246053624564,25.451034948167003
46,30/11/2018,1168.685073734482,1.1873207495454545,1.7245720181818184e-21,0.017649366,-7.891471162,0.34000647,0.83858573,RGI60-07.00027,Austfonna basin 3,79.42246053624564,25.451034948167003
48,31/01/2019,1217.5999147075413,0.8128062333333334,1.724623533333333e-21,0,-11.83992283,-1.1382289,-0.99391574,RGI60-07.00027,Austfonna basin 3,79.42246053624564,25.451034948167003
49,28/02/2019,1190.9979873596362,0.603998255,1.7245890090909094e-21,0,-16.72308591,-1.4201703,-1.0359449,RGI60-07.00027,Austfonna basin 3,79.42246053624564,25.451034948167003
50,31/03/2019,1172.8405862748054,0.9853415392222222,1.7246182074074074e-21,0,-19.17357003,-1.6667138,-1.4393077,RGI60-07.00027,Austfonna basin 3,79.42246053624564,25.451034948167003
51,30/04/2019,1151.0873636723363,0.574585274,1.7246547500000003e-21,0,-13.82985008,-1.838686,-1.6023886,RGI60-07.00027,Austfonna basin 3,79.42246053624564,25.451034948167003
54,31/07/2019,1121.1687614841248,-15.8363458,16.5489022,18.2942246,1.192625836,-1.8632405,-1.5567561,RGI60-07.00027,Austfonna basin 3,79.42246053624564,25.451034948167003
55,31/08/2019,1170.9310711633098,-5.038973113,6.742346775,4.868178263,-0.725579798,-1.7782617,-0.9825619,RGI60-07.00027,Austfonna basin 3,79.42246053624564,25.451034948167003
56,30/09/2019,1196.149218946573,2.71908338,0.4034147,0.23423924,-3.834705466,-1.6313637,-0.6345071,RGI60-07.00027,Austfonna basin 3,79.42246053624564,25.451034948167003
57,31/10/2019,1231.9899693154844,0.3547476938095238,1.7246636476190476e-21,0,-10.06867525,-1.6329626,-0.50144345,RGI60-07.00027,Austfonna basin 3,79.42246053624564,25.451034948167003
58,30/11/2019,1243.3211670214919,1.111115493,4.7631553333333355e-06,0.005085402,-13.21221197,-1.7791017,-0.55020547,RGI60-07.00027,Austfonna basin 3,79.42246053624564,25.451034948167003
59,31/12/2019,1283.2117337965506,1.031538952142857,2.5850252285714287e-05,0.027605728,-15.08732029,-1.7934386,-0.7313884,RGI60-07.00027,Austfonna basin 3,79.42246053624564,25.451034948167003
62,31/03/2020,1250.0630154877667,0.5520828724772727,1.7246532000000002e-21,0,-22.79912541,-1.6152896,-1.2972689,RGI60-07.00027,Austfonna basin 3,79.42246053624564,25.451034948167003
63,30/04/2020,1201.0874553539893,1.151697468,1.7246303999999998e-21,0.040627764,-14.00265473,-1.7435255,-1.53241,RGI60-07.00027,Austfonna basin 3,79.42246053624564,25.451034948167003
67,31/08/2020,1193.886323,-13.781352,14.383947,13.943245,2.0946536,2.2109685,-0.95244694,RGI60-07.00027,Austfonna basin 3,79.42246053624564,25.451034948167003
74,31/03/2021,1338.3653239430619,1.7649458738583335,0.001102599,1.7337438708333333,-16.75036938,-1.7226392,-0.682518,RGI60-07.00027,Austfonna basin 3,79.42246053624564,25.451034948167003
75,30/04/2021,1360.251154891021,2.170203008,0.46527610199999997,2.02355595,-10.59446731,-1.7641809,-1.135205,RGI60-07.00027,Austfonna basin 3,79.42246053624564,25.451034948167003
76,31/05/2021,1360.425008482427,-0.378186032,0.36960735566666664,0.9268011753224167,-10.53262088,-1.9096084,-1.2430207,RGI60-07.00027,Austfonna basin 3,79.42246053624564,25.451034948167003
77,30/06/2021,1283.8880393746708,-4.907086569,4.7436207401230766,9.995074453846154,0.072737419,-0.6870144,-0.9010313,RGI60-07.00027,Austfonna basin 3,79.42246053624564,25.451034948167003
78,31/07/2021,1288.2649468268514,-26.0474508,26.117651799999997,26.151681200000002,2.2292060339999997,1.1179467,-0.66693664,RGI60-07.00027,Austfonna basin 3,79.42246053624564,25.451034948167003
79,31/08/2021,1313.9620867681083,-10.51024632,12.172558833333333,10.70798265,1.0938310216666667,1.2807889,-0.16256942,RGI60-07.00027,Austfonna basin 3,79.42246053624564,25.451034948167003
80,30/09/2021,1319.4394997619406,2.7992240766666665,0.295975952,0.5153181666666666,-2.730466233,0.10107039,-0.09552744,RGI60-07.00027,Austfonna basin 3,79.42246053624564,25.451034948167003
86,31/03/2022,1328.0001271683077,1.730953446470588,0.26060484390529415,1.1051665029411764,-11.98190436,-1.5481373,-0.68084025,RGI60-07.00027,Austfonna basin 3,79.42246053624564,25.451034948167003
87,30/04/2022,1334.4111093893107,0.411590338,0.036300821,1.15946997,-15.3263591,-1.7313783,-0.8682522,RGI60-07.00027,Austfonna basin 3,79.42246053624564,25.451034948167003
88,31/05/2022,1317.808671979683,-2.611443606,2.7345934880000002,4.669112220000001,-8.5385152,-1.8036805,-1.0187813,RGI60-07.00027,Austfonna basin 3,79.42246053624564,25.451034948167003
89,30/06/2022,1320.296308716051,-19.084206,19.413605,19.519196,0.69156235,-1.1699566,-0.770976,RGI60-07.00027,Austfonna basin 3,79.42246053624564,25.451034948167003
91,31/08/2022,1394.877685633508,-8.9008735,8.7534425,7.6370152000000004,1.46818685,3.3177772,0.45960543,RGI60-07.00027,Austfonna basin 3,79.42246053624564,25.451034948167003
0,31/01/2015,0,2.545584784613715,0.000493533,0.5181303156746758,-6.156179825,1.9043884,1.907158,RGI60-07.00265,Olsokbreen,76.69863999389507,16.442717252292226
1,28/02/2015,2.682843355,1.3233848048581018,0.000522449,0.5485264899002181,-17.96710391,0.79410654,0.9503279,RGI60-07.00265,Olsokbreen,76.69863999389507,16.442717252292226
2,31/03/2015,-7.622823582,3.4795226885212793,0.001051948,1.1184517078929477,-7.454110291,0.92486066,1.3551646,RGI60-07.00265,Olsokbreen,76.69863999389507,16.442717252292226
3,30/04/2015,-9.095707752,2.278294000774622,0.39308409712975845,1.3010552326838176,-8.808966508,0.76454735,1.6225226,RGI60-07.00265,Olsokbreen,76.69863999389507,16.442717252292226
4,31/05/2015,-43.78495533,1.1878916490823028,0.14162494297488587,1.992651911245452,-5.134913592,-0.30546463,2.135632,RGI60-07.00265,Olsokbreen,76.69863999389507,16.442717252292226
6,31/07/2015,-60.90775935,-21.25174967,22.365150027804905,21.28120888604058,1.5760248456564214,4.480516,4.393695,RGI60-07.00265,Olsokbreen,76.69863999389507,16.442717252292226
7,31/08/2015,-25.91984879,-27.11009388,30.61408233642578,28.391688537597656,3.2623704433441163,4.2619834,4.674355,RGI60-07.00265,Olsokbreen,76.69863999389507,16.442717252292226
8,30/09/2015,-17.15646913,-0.272119918,5.197708035,2.814529451,-0.670133253,3.1255507,3.7518623,RGI60-07.00265,Olsokbreen,76.69863999389507,16.442717252292226
9,31/10/2015,28.249893568643074,2.313373001969673,2.152191074490309,1.8196248442434617,-2.960473342,2.3252673,2.6661103,RGI60-07.00265,Olsokbreen,76.69863999389507,16.442717252292226
10,30/11/2015,110.08041381564362,0.42835630973180133,1.7952850262324016,2.7496074040730796,-3.540177892,2.1058831,2.2093778,RGI60-07.00265,Olsokbreen,76.69863999389507,16.442717252292226
11,31/12/2015,160.4932373,0.5808900386095046,1.7246139007123828e-21,0,-7.999731207,1.857726,1.9239249,RGI60-07.00265,Olsokbreen,76.69863999389507,16.442717252292226
12,31/01/2016,207.28956640708873,1.9233338236808777,1.724713509002765e-21,0.21994805654799165,-4.768388301,2.5682874,2.5551877,RGI60-07.00265,Olsokbreen,76.69863999389507,16.442717252292226
13,29/02/2016,280.6301510735573,2.8253674004226923,1.7246355293851377e-21,0.001588072,-7.707105458,1.9524496,1.9459617,RGI60-07.00265,Olsokbreen,76.69863999389507,16.442717252292226
14,31/03/2016,356.20086000917945,5.284923938768251,1.7246837806258777e-21,0.5277127879144623,-8.301938197,2.0409107,2.0322933,RGI60-07.00265,Olsokbreen,76.69863999389507,16.442717252292226
15,30/04/2016,334.1206864101538,0.37492008608145017,6.2643206177897254e-09,0.020282111667256682,-10.01389329,1.9625473,2.061373,RGI60-07.00265,Olsokbreen,76.69863999389507,16.442717252292226
17,30/06/2016,373.95452705855587,-15.90263089,15.948654572168985,15.831754048665365,1.7697844505310059,3.9402978,3.6550086,RGI60-07.00265,Olsokbreen,76.69863999389507,16.442717252292226
18,31/07/2016,373.6279675960627,-37.21319283,40.69562064276801,39.94823922051324,3.8118214342329235,5.4649734,4.946591,RGI60-07.00265,Olsokbreen,76.69863999389507,16.442717252292226
19,31/08/2016,499.03248757195354,-16.90776243,17.048812866210938,16.103295707702635,2.8734975099563598,5.787006,5.3332925,RGI60-07.00265,Olsokbreen,76.69863999389507,16.442717252292226
20,30/09/2016,644.0477640758492,-6.613761678,12.457915335893631,8.820644002,1.111885154619813,4.601037,4.633495,RGI60-07.00265,Olsokbreen,76.69863999389507,16.442717252292226
21,31/10/2016,632.6164267,-13.92116356,17.844572067260742,18.813126802444458,1.5980169028043747,4.1007023,4.110622,RGI60-07.00265,Olsokbreen,76.69863999389507,16.442717252292226
22,30/11/2016,776.4832976784313,0.9512674883008003,2.8123720071532508,1.655780023,-4.247898843,4.1861324,4.1859508,RGI60-07.00265,Olsokbreen,76.69863999389507,16.442717252292226
23,31/12/2016,765.0724923523802,2.2826143465936184,1.452352760033822e-21,0.560610535,-4.486466845,3.2712705,3.2632751,RGI60-07.00265,Olsokbreen,76.69863999389507,16.442717252292226
24,31/01/2017,876.1815368370613,4.385843824,0.057353828826307976,0.18565464392304418,-9.220467448,2.908745,2.9065523,RGI60-07.00265,Olsokbreen,76.69863999389507,16.442717252292226
25,28/02/2017,873.2120633916448,0.20482497662305835,0.12101978808641428,0.1966866552829742,-15.70582819,2.5148592,2.5025325,RGI60-07.00265,Olsokbreen,76.69863999389507,16.442717252292226
26,31/03/2017,866.4433844961962,1.4181553454030877,0.054226475,0.1865235345724683,-13.72741506,1.4977505,1.9384719,RGI60-07.00265,Olsokbreen,76.69863999389507,16.442717252292226
27,30/04/2017,800.1958763749163,0.6072181675117463,0.062047536,0.10516182395804205,-12.65581626,-0.04641755,1.9007059,RGI60-07.00265,Olsokbreen,76.69863999389507,16.442717252292226
28,31/05/2017,702.9273801,0.3181176020007115,8.078758639840208e-08,0.20663970674164037,-6.256110527,1.4190307,2.519892,RGI60-07.00265,Olsokbreen,76.69863999389507,16.442717252292226
29,30/06/2017,788.0516134213154,-7.345081428,7.880983823153656,10.595560455322266,-0.258915614,2.6353524,3.2275064,RGI60-07.00265,Olsokbreen,76.69863999389507,16.442717252292226
30,31/07/2017,806.3080706159504,-26.05990193,28.059209130027078,26.73357322,2.8268049108711155,5.675448,4.5820694,RGI60-07.00265,Olsokbreen,76.69863999389507,16.442717252292226
31,31/08/2017,853.5414920509983,-25.89659437,29.538704474767048,25.95981041590373,3.1962690552075705,5.933488,5.1541967,RGI60-07.00265,Olsokbreen,76.69863999389507,16.442717252292226
32,30/09/2017,899.7782078479266,-18.65224184,22.620356014796666,21.39009584699358,2.3183206575257436,5.3716607,5.2736797,RGI60-07.00265,Olsokbreen,76.69863999389507,16.442717252292226
33,31/10/2017,957.5605024550019,-3.686463388,7.576223718,6.035836752836725,-0.188037624,4.598234,4.564526,RGI60-07.00265,Olsokbreen,76.69863999389507,16.442717252292226
34,30/11/2017,1037.733341681524,3.4684399503927965,1.724656027146899e-21,0.12119142195353141,-4.472967955,3.19974,3.2350597,RGI60-07.00265,Olsokbreen,76.69863999389507,16.442717252292226
35,31/12/2017,1057.338127291635,3.976304751303461,1.7246812033797354e-21,0,-4.666682932,2.1082096,2.1894894,RGI60-07.00265,Olsokbreen,76.69863999389507,16.442717252292226
36,31/01/2018,1092.9175822044754,2.3630084494749704,1.6104316670270068e-21,0.000586927,-10.13186111,1.6683717,1.7166435,RGI60-07.00265,Olsokbreen,76.69863999389507,16.442717252292226
37,28/02/2018,1103.1305052624416,3.127725164592266,1.7246139814917396e-21,0.40778746604919436,-6.511177236,2.4107265,2.4091017,RGI60-07.00265,Olsokbreen,76.69863999389507,16.442717252292226
38,31/03/2018,1074.306807410228,0.851712401,1.724609752115421e-21,0,-16.1768221,1.5364858,1.7452883,RGI60-07.00265,Olsokbreen,76.69863999389507,16.442717252292226
39,30/04/2018,1010.6953632045767,0.3257446098607033,1.7246802003693897e-21,0,-12.90447145,-0.6068762,0.65706354,RGI60-07.00265,Olsokbreen,76.69863999389507,16.442717252292226
40,31/05/2018,1042.5495054698813,-1.065548852,1.4708032608032227,1.2447186298668385,-1.784185812,1.9920546,2.0842292,RGI60-07.00265,Olsokbreen,76.69863999389507,16.442717252292226
41,30/06/2018,1044.3750140280545,-18.74276622,19.63954370551639,18.377336343129475,0.839066681,3.2114778,3.1569245,RGI60-07.00265,Olsokbreen,76.69863999389507,16.442717252292226
42,31/07/2018,1077.3784767480333,-37.29273582,41.72633457183838,41.39057517051697,3.6964884996414185,4.367083,3.772468,RGI60-07.00265,Olsokbreen,76.69863999389507,16.442717252292226
43,31/08/2018,1087.0574716141941,-29.36326655,32.77723614374796,29.425578991572063,2.8393845284978547,5.411889,4.808237,RGI60-07.00265,Olsokbreen,76.69863999389507,16.442717252292226
44,30/09/2018,1121.4336947147476,-7.6603159,10.976398839530619,6.382319023832679,-0.414032028,4.599926,4.506278,RGI60-07.00265,Olsokbreen,76.69863999389507,16.442717252292226
45,31/10/2018,1137.6624236155876,-1.531003641,5.774820293698992,4.571302606664058,-2.85751543,3.0248835,3.150994,RGI60-07.00265,Olsokbreen,76.69863999389507,16.442717252292226
46,30/11/2018,1168.685073734482,4.621842861175537,0.31402169398647445,0.20110340382565148,-4.210735698,3.1332304,3.1344588,RGI60-07.00265,Olsokbreen,76.69863999389507,16.442717252292226
48,31/01/2019,1217.5999147075413,2.728434654697776,0.000638404,0.6299590229988098,-10.36257644,1.7676388,1.8229238,RGI60-07.00265,Olsokbreen,76.69863999389507,16.442717252292226
49,28/02/2019,1190.9979873596362,1.025754089043899,0.2260670191608369,0.9335409457033331,-16.86428454,2.0773268,2.0818262,RGI60-07.00265,Olsokbreen,76.69863999389507,16.442717252292226
50,31/03/2019,1172.8405862748054,1.3025769021362066,0.13745331333484495,0.6869776666164398,-16.35835238,0.8931385,1.260371,RGI60-07.00265,Olsokbreen,76.69863999389507,16.442717252292226
51,30/04/2019,1151.0873636723363,1.1319830694368906,0.2785845850926957,1.4127271871880762,-3.823139065,1.5395001,1.551158,RGI60-07.00265,Olsokbreen,76.69863999389507,16.442717252292226
52,31/05/2019,1151.4351860219067,2.016607590019703,1.7246049963417564e-21,0.28812617908372956,-4.738130524,1.8131504,1.8369637,RGI60-07.00265,Olsokbreen,76.69863999389507,16.442717252292226
53,30/06/2019,1122.395318,-4.845987759,7.723832893371582,9.543564034,-0.508404737,2.70069,2.5252829,RGI60-07.00265,Olsokbreen,76.69863999389507,16.442717252292226
54,31/07/2019,1121.1687614841248,-28.54547755,29.668729570176865,27.41374354892307,3.103710691134135,4.513726,4.1209393,RGI60-07.00265,Olsokbreen,76.69863999389507,16.442717252292226
55,31/08/2019,1170.9310711633098,-16.76548147,19.620253562927246,17.83151302,2.437829691916704,5.2360196,4.7393413,RGI60-07.00265,Olsokbreen,76.69863999389507,16.442717252292226
56,30/09/2019,1196.149218946573,-3.895805943,7.5453415362080705,4.126294559980266,-0.888164195,4.1686687,4.1507387,RGI60-07.00265,Olsokbreen,76.69863999389507,16.442717252292226
57,31/10/2019,1231.9899693154844,1.017822546117446,0.12435227388673678,0.5113689624156583,-6.183435719,2.3112025,2.4247603,RGI60-07.00265,Olsokbreen,76.69863999389507,16.442717252292226
58,30/11/2019,1243.3211670214919,2.577297185148512,1.7246304951002293e-21,0,-4.13745875,1.0182006,1.2196661,RGI60-07.00265,Olsokbreen,76.69863999389507,16.442717252292226
59,31/12/2019,1283.2117337965506,1.1837573647499084,1.724229579459682e-21,0,-15.45918179,-0.745132,0.037157044,RGI60-07.00265,Olsokbreen,76.69863999389507,16.442717252292226
62,31/03/2020,1250.0630154877667,0.5825799339051757,1.724576978776419e-21,0,-20.26429299,-0.7250909,0.09835048,RGI60-07.00265,Olsokbreen,76.69863999389507,16.442717252292226
63,30/04/2020,1201.0874553539893,0.2710283569904277,1.7245580190680343e-21,0,-13.2609162,-0.46545896,0.64613485,RGI60-07.00265,Olsokbreen,76.69863999389507,16.442717252292226
64,31/05/2020,1209.8951019543579,-1.957500115,2.800760405404227,4.717400823320661,-4.910426791,-0.110287055,1.3289955,RGI60-07.00265,Olsokbreen,76.69863999389507,16.442717252292226
65,30/06/2020,1135.3933038143296,-17.9134481,18.90286350250244,20.601527214050293,1.980266910046339,2.591492,2.6549544,RGI60-07.00265,Olsokbreen,76.69863999389507,16.442717252292226
66,31/07/2020,1154.4001671882606,-40.71969396,45.55172833529386,44.84458212,3.4761874350634487,4.4557133,4.110229,RGI60-07.00265,Olsokbreen,76.69863999389507,16.442717252292226
67,31/08/2020,1193.886323,-22.60667951,25.37014271083631,24.331238319999294,3.4979815232126334,5.1992736,4.925012,RGI60-07.00265,Olsokbreen,76.69863999389507,16.442717252292226
68,30/09/2020,1263.2281075600822,-10.9844559,14.468026605833854,9.150814443826675,0.4538069367408752,4.249645,4.2633514,RGI60-07.00265,Olsokbreen,76.69863999389507,16.442717252292226
74,31/03/2021,1338.3653239430619,1.505853640058866,0.14439951139306334,0.23643855818618947,-13.67331545,1.3237234,1.3585436,RGI60-07.00265,Olsokbreen,76.69863999389507,16.442717252292226
75,30/04/2021,1360.251154891021,1.681720848594393,0.21313324996403282,0.2890464110033853,-8.522007261,0.20245533,1.2245448,RGI60-07.00265,Olsokbreen,76.69863999389507,16.442717252292226
76,31/05/2021,1360.425008482427,0.387276538,0.1978146794306881,0.7305488691610449,-5.791243259,-0.22162166,1.2797683,RGI60-07.00265,Olsokbreen,76.69863999389507,16.442717252292226
77,30/06/2021,1283.8880393746708,-7.469492972,13.291515804827213,20.39576121,1.1342621743679047,2.0411024,2.3330035,RGI60-07.00265,Olsokbreen,76.69863999389507,16.442717252292226
78,31/07/2021,1288.2649468268514,-24.83467241,27.47385493191806,25.41257077997381,2.7985033121975986,3.6705275,3.4427345,RGI60-07.00265,Olsokbreen,76.69863999389507,16.442717252292226
79,31/08/2021,1313.9620867681083,-20.38297126,22.596541033850777,20.038379033406574,2.589742600917816,5.031749,4.6341133,RGI60-07.00265,Olsokbreen,76.69863999389507,16.442717252292226
80,30/09/2021,1319.4394997619406,-11.26735553,15.572059623152018,12.373584166541695,1.0343883085995913,4.7481327,4.58646,RGI60-07.00265,Olsokbreen,76.69863999389507,16.442717252292226
86,31/03/2022,1328.0001271683077,1.9872868141780298,0.1320181842311285,1.0588434636592865,-9.628401652,0.035448514,0.7139058,RGI60-07.00265,Olsokbreen,76.69863999389507,16.442717252292226
87,30/04/2022,1334.4111093893107,-0.177270169,0.41455554962158203,1.3407338460286458,-14.58364073,-1.1224195,0.41181406,RGI60-07.00265,Olsokbreen,76.69863999389507,16.442717252292226
88,31/05/2022,1317.808671979683,-0.871502796,0.9425210085782137,1.5922832489013672,-7.43918446,0.19490935,1.2763854,RGI60-07.00265,Olsokbreen,76.69863999389507,16.442717252292226
89,30/06/2022,1320.296308716051,-24.41063881,43.31572341918945,29.200225830078125,2.055875062942505,3.525554,3.3207538,RGI60-07.00265,Olsokbreen,76.69863999389507,16.442717252292226
90,31/07/2022,1334.7839524862784,-36.0564518,38.46792531013489,37.096715211868286,3.170511558651924,5.036958,4.6468453,RGI60-07.00265,Olsokbreen,76.69863999389507,16.442717252292226
91,31/08/2022,1394.877685633508,-19.85878906,21.833291983604433,22.350838232040406,2.469629325717688,5.771605,5.3059397,RGI60-07.00265,Olsokbreen,76.69863999389507,16.442717252292226
92,30/09/2022,1376.379440385998,-9.529720849,13.983168397630964,13.557910919189453,0.23656764200755523,4.626773,4.5947413,RGI60-07.00265,Olsokbreen,76.69863999389507,16.442717252292226
0,31/01/2015,0,2.136242611333728,1.7247291324647076e-21,0.002073418,-10.67574638,1.5675479,1.5653203,RGI60-07.00715,Waggonwaybreen,79.54772047,11.25994501739356
1,28/02/2015,2.682843355,0.15295017386476195,1.7246717118053237e-21,1.41181617057858e-05,-22.36335437,0.90424335,0.964468,RGI60-07.00715,Waggonwaybreen,79.54772047,11.25994501739356
2,31/03/2015,-7.622823582,3.4598267392388413,1.724461579695427e-21,6.002687457242116e-05,-12.79624363,0.869058,0.8980967,RGI60-07.00715,Waggonwaybreen,79.54772047,11.25994501739356
3,30/04/2015,-9.095707752,1.612615058819453,1.7246387942174707e-21,0.00038102,-11.67769747,1.4054993,1.3750123,RGI60-07.00715,Waggonwaybreen,79.54772047,11.25994501739356
4,31/05/2015,-43.78495533,1.0775517358755071,1.7245994479391476e-21,0.008229265,-9.043693225,2.334121,2.1748743,RGI60-07.00715,Waggonwaybreen,79.54772047,11.25994501739356
6,31/07/2015,-60.90775935,-9.534656797,9.68352999,13.016049248831612,1.5293351752417428,5.262835,3.7378783,RGI60-07.00715,Waggonwaybreen,79.54772047,11.25994501739356
7,31/08/2015,-25.91984879,-15.77082183,18.165610926491873,17.73747051826545,1.2327362639563424,6.4599223,4.6610184,RGI60-07.00715,Waggonwaybreen,79.54772047,11.25994501739356
8,30/09/2015,-17.15646913,3.1359269618988037,0.6215658076107502,0.202061235,-2.515808761,4.297817,4.227843,RGI60-07.00715,Waggonwaybreen,79.54772047,11.25994501739356
9,31/10/2015,28.249893568643074,1.3156388302644093,1.4551518837640363,2.714734555338509,-2.137950869,3.2464266,3.2595518,RGI60-07.00715,Waggonwaybreen,79.54772047,11.25994501739356
10,30/11/2015,110.08041381564362,2.319180003454676,1.7245527557880747e-21,0.006167751,-11.1308862,2.0382771,2.039961,RGI60-07.00715,Waggonwaybreen,79.54772047,11.25994501739356
11,31/12/2015,160.4932373,4.423705968591902,0.000320955,0.003021675,-10.28031455,1.3876299,1.3814614,RGI60-07.00715,Waggonwaybreen,79.54772047,11.25994501739356
12,31/01/2016,207.28956640708873,5.073273207578394,0.071393563,0.085442372,-8.97834607,1.8338488,1.8214995,RGI60-07.00715,Waggonwaybreen,79.54772047,11.25994501739356
13,29/02/2016,280.6301510735573,2.7118484502037368,7.112854973456706e-06,0.001253055,-11.286581,1.477144,1.4772704,RGI60-07.00715,Waggonwaybreen,79.54772047,11.25994501739356
14,31/03/2016,356.20086000917945,1.9543533987469144,5.1179503467816785e-06,0.000268984,-11.8260684,1.2937812,1.3136361,RGI60-07.00715,Waggonwaybreen,79.54772047,11.25994501739356
15,30/04/2016,334.1206864101538,0.5100065069273114,0.000180273,0.005882112,-10.9243619,1.158963,1.2035679,RGI60-07.00715,Waggonwaybreen,79.54772047,11.25994501739356
17,30/06/2016,373.95452705855587,1.2001359065373742,0.3844685449148528,4.821634201332927,-1.600937655,4.130844,3.38669,RGI60-07.00715,Waggonwaybreen,79.54772047,11.25994501739356
18,31/07/2016,373.6279675960627,-22.20610537,22.760550226484025,23.790421894618444,2.9780973366328647,6.054835,3.7987833,RGI60-07.00715,Waggonwaybreen,79.54772047,11.25994501739356
19,31/08/2016,499.03248757195354,-11.88411554,14.242211560408274,12.315717096130053,0.072283442,6.0580783,4.554071,RGI60-07.00715,Waggonwaybreen,79.54772047,11.25994501739356
20,30/09/2016,644.0477640758492,-1.501830745,5.285255853,7.956544909626245,0.094729912,4.883953,4.5869117,RGI60-07.00715,Waggonwaybreen,79.54772047,11.25994501739356
21,31/10/2016,632.6164267,1.1536606947580974,9.05663614,4.427507070203622,-0.94960316,4.0877924,4.1064806,RGI60-07.00715,Waggonwaybreen,79.54772047,11.25994501739356
22,30/11/2016,776.4832976784313,4.2155514597892765,0.11866840273141858,0.1314577771583572,-4.666118145,4.3417544,4.338489,RGI60-07.00715,Waggonwaybreen,79.54772047,11.25994501739356
23,31/12/2016,765.0724923523802,3.3649662509560585,0.094007563,0.007185789,-10.32279706,3.512679,3.5132797,RGI60-07.00715,Waggonwaybreen,79.54772047,11.25994501739356
24,31/01/2017,876.1815368370613,3.9350965321063995,0.005891853,0.00802781,-15.82244134,2.5148106,2.5151289,RGI60-07.00715,Waggonwaybreen,79.54772047,11.25994501739356
25,28/02/2017,873.2120633916448,4.127666324,0.005483004,0.065091053,-12.1006775,2.2507436,2.2600532,RGI60-07.00715,Waggonwaybreen,79.54772047,11.25994501739356
26,31/03/2017,866.4433844961962,2.924342175324758,0.005015708,0.00053875,-17.07129296,0.8474185,1.3232391,RGI60-07.00715,Waggonwaybreen,79.54772047,11.25994501739356
27,30/04/2017,800.1958763749163,0.10016246698796748,0.011335157672874588,0.006606116,-16.50400043,0.38923746,1.329704,RGI60-07.00715,Waggonwaybreen,79.54772047,11.25994501739356
28,31/05/2017,702.9273801,1.1550023598739734,0.008863632,0.001474886,-10.17422544,0.66680765,2.2400212,RGI60-07.00715,Waggonwaybreen,79.54772047,11.25994501739356
29,30/06/2017,788.0516134213154,0.9681862592697144,0.10398630440856015,6.705928792556127,-0.338200197,3.8241878,3.1184266,RGI60-07.00715,Waggonwaybreen,79.54772047,11.25994501739356
30,31/07/2017,806.3080706159504,-16.28353585,17.961616410149468,18.726962566375732,1.2605142924520705,5.7205076,4.256879,RGI60-07.00715,Waggonwaybreen,79.54772047,11.25994501739356
31,31/08/2017,853.5414920509983,-4.762786734,6.505535972118378,9.736322331428529,1.2795166969299316,5.4320054,4.851831,RGI60-07.00715,Waggonwaybreen,79.54772047,11.25994501739356
32,30/09/2017,899.7782078479266,-4.158763587,12.25370230153203,11.333852478303015,1.0820264676585793,5.475571,5.1718097,RGI60-07.00715,Waggonwaybreen,79.54772047,11.25994501739356
33,31/10/2017,957.5605024550019,1.5737701803445816,0.061703037,0.035597776,-2.59008947,5.1509905,5.11821,RGI60-07.00715,Waggonwaybreen,79.54772047,11.25994501739356
34,30/11/2017,1037.733341681524,3.218710134923458,1.7246139007123828e-21,0.008283982,-8.440554428,3.8206058,3.8216221,RGI60-07.00715,Waggonwaybreen,79.54772047,11.25994501739356
35,31/12/2017,1057.338127291635,1.6185984841237466,1.7245682637416567e-21,0.003896868,-11.32485787,2.8813453,2.8835375,RGI60-07.00715,Waggonwaybreen,79.54772047,11.25994501739356
36,31/01/2018,1092.9175822044754,2.141771622,0.001148417,0.002004286,-11.41860764,2.1382363,2.1359534,RGI60-07.00715,Waggonwaybreen,79.54772047,11.25994501739356
37,28/02/2018,1103.1305052624416,2.7957486253804884,8.527873135860378e-08,0.00155777,-10.20363725,1.9071821,1.9064403,RGI60-07.00715,Waggonwaybreen,79.54772047,11.25994501739356
38,31/03/2018,1074.306807410228,2.486027240753174,3.8503091559505275e-07,0.00038066,-13.55636501,1.6911904,1.6806436,RGI60-07.00715,Waggonwaybreen,79.54772047,11.25994501739356
39,30/04/2018,1010.6953632045767,1.3018250465393064,1.7246718464375848e-21,5.402364185632298e-09,-13.64675999,1.8111885,1.7970486,RGI60-07.00715,Waggonwaybreen,79.54772047,11.25994501739356
40,31/05/2018,1042.5495054698813,3.712342880666256,0.001263201,2.0483799666011087,-1.896488845,2.668399,2.4173286,RGI60-07.00715,Waggonwaybreen,79.54772047,11.25994501739356
41,30/06/2018,1044.3750140280545,-4.151927382,5.900809049606323,10.690886497497559,0.085506625,3.7379622,3.0763154,RGI60-07.00715,Waggonwaybreen,79.54772047,11.25994501739356
42,31/07/2018,1077.3784767480333,-24.37199084,30.59360663,25.023091952006023,2.024010648330053,5.210133,3.7780716,RGI60-07.00715,Waggonwaybreen,79.54772047,11.25994501739356
43,31/08/2018,1087.0574716141941,-34.96134202,38.608819007873535,29.41494878133138,3.1808441082636514,5.9369984,4.318225,RGI60-07.00715,Waggonwaybreen,79.54772047,11.25994501739356
44,30/09/2018,1121.4336947147476,-1.870704508,5.762351872026921,3.1520546834450216,-3.822411156,5.007925,4.3357425,RGI60-07.00715,Waggonwaybreen,79.54772047,11.25994501739356
45,31/10/2018,1137.6624236155876,3.7477694153785706,1.295224682427943,0.24808543115796053,-3.676226497,3.3325655,3.3787217,RGI60-07.00715,Waggonwaybreen,79.54772047,11.25994501739356
46,30/11/2018,1168.685073734482,2.519643641,0.040465101,0.000407474,-10.37740721,2.9509385,2.9505944,RGI60-07.00715,Waggonwaybreen,79.54772047,11.25994501739356
48,31/01/2019,1217.5999147075413,3.8037953674793243,0.007794747,0.00201057,-13.17069586,1.6396056,1.6468903,RGI60-07.00715,Waggonwaybreen,79.54772047,11.25994501739356
49,28/02/2019,1190.9979873596362,2.1193265936204364,0.023319287225604012,1.357592186934653e-05,-18.19543484,1.5512359,1.568738,RGI60-07.00715,Waggonwaybreen,79.54772047,11.25994501739356
50,31/03/2019,1172.8405862748054,1.0875410613688556,0.023152465,0,-18.45850849,0.7445425,0.80758226,RGI60-07.00715,Waggonwaybreen,79.54772047,11.25994501739356
51,30/04/2019,1151.0873636723363,1.7683916132558475,0.022820747203447556,0.002823917,-10.79296864,0.55421877,1.0668724,RGI60-07.00715,Waggonwaybreen,79.54772047,11.25994501739356
52,31/05/2019,1151.4351860219067,1.186448160558939,0.020474307,0.043862033432490594,-7.816340208,0.39149708,1.7169825,RGI60-07.00715,Waggonwaybreen,79.54772047,11.25994501739356
53,30/06/2019,1122.395318,0.6555000816782316,1.1965038105845451,5.268754844243328,-2.038815409,-0.044427432,2.5526798,RGI60-07.00715,Waggonwaybreen,79.54772047,11.25994501739356
54,31/07/2019,1121.1687614841248,-17.93073487,19.794951677322388,22.13527739048004,2.1830894835293293,5.038632,3.3196142,RGI60-07.00715,Waggonwaybreen,79.54772047,11.25994501739356
55,31/08/2019,1170.9310711633098,-12.68848884,18.24944273,13.539971931837501,0.5560139715671542,5.8654156,4.1091247,RGI60-07.00715,Waggonwaybreen,79.54772047,11.25994501739356
56,30/09/2019,1196.149218946573,4.279157519340515,0.024344875942915598,0.014703808,-4.06551981,4.8050275,4.2969084,RGI60-07.00715,Waggonwaybreen,79.54772047,11.25994501739356
57,31/10/2019,1231.9899693154844,1.9824004173278809,0.015705684,2.636879980855156e-05,-11.41836929,3.4188578,3.4258976,RGI60-07.00715,Waggonwaybreen,79.54772047,11.25994501739356
58,30/11/2019,1243.3211670214919,2.352303398506982,0.015454316511750157,0.00290103,-11.44944184,2.1023352,2.1010592,RGI60-07.00715,Waggonwaybreen,79.54772047,11.25994501739356
59,31/12/2019,1283.2117337965506,0.8899716432206333,0.014700360712595237,3.095706836120371e-05,-13.05581754,0.8351008,0.8411645,RGI60-07.00715,Waggonwaybreen,79.54772047,11.25994501739356
62,31/03/2020,1250.0630154877667,2.4425016045570374,3.788563844864257e-05,0.036564262838510254,-22.49777699,-0.70050365,0.80108523,RGI60-07.00715,Waggonwaybreen,79.54772047,11.25994501739356
63,30/04/2020,1201.0874553539893,0.4257640570402145,1.2360901077812527e-06,0.0011902,-14.01008849,-0.30297095,0.6936852,RGI60-07.00715,Waggonwaybreen,79.54772047,11.25994501739356
64,31/05/2020,1209.8951019543579,1.7160130298386018,0.017532547138786228,1.7986897980999856,-7.249929125,0.8869003,1.0029953,RGI60-07.00715,Waggonwaybreen,79.54772047,11.25994501739356
65,30/06/2020,1135.3933038143296,-4.534636428,5.794832547505696,7.711260636647542,-0.539347015,2.8814003,2.3518004,RGI60-07.00715,Waggonwaybreen,79.54772047,11.25994501739356
66,31/07/2020,1154.4001671882606,-21.23551896,21.905780368381077,23.531085544162327,2.6243065885371633,5.345146,2.9388452,RGI60-07.00715,Waggonwaybreen,79.54772047,11.25994501739356
67,31/08/2020,1193.886323,-24.01891541,26.530938625335693,22.590744177500408,3.0998840431372323,7.057888,4.0718565,RGI60-07.00715,Waggonwaybreen,79.54772047,11.25994501739356
74,31/03/2021,1338.3653239430619,2.997472655773163,0.02358384,0.027208441123366324,-17.06462345,1.1801368,1.1687665,RGI60-07.00715,Waggonwaybreen,79.54772047,11.25994501739356
75,30/04/2021,1360.251154891021,3.7144645133188794,0.023448054,0,-12.93071188,0.7568043,0.7439399,RGI60-07.00715,Waggonwaybreen,79.54772047,11.25994501739356
76,31/05/2021,1360.425008482427,2.053735344599073,0.023446314323406905,3.947249542062099e-06,-7.957233924,0.34475827,1.2106198,RGI60-07.00715,Waggonwaybreen,79.54772047,11.25994501739356
77,30/06/2021,1283.8880393746708,1.200557788213094,1.6699910210445523,7.405615347,-1.120709002,1.7321357,1.9938258,RGI60-07.00715,Waggonwaybreen,79.54772047,11.25994501739356
78,31/07/2021,1288.2649468268514,-15.14659081,15.851138973236084,19.64075994491577,1.6853711128234863,4.350434,2.8671675,RGI60-07.00715,Waggonwaybreen,79.54772047,11.25994501739356
79,31/08/2021,1313.9620867681083,-15.8241175,18.550642649332683,21.036847432454426,2.2336930433909097,5.2166595,3.5911818,RGI60-07.00715,Waggonwaybreen,79.54772047,11.25994501739356
80,30/09/2021,1319.4394997619406,-0.10906332,2.2898378372192383,3.8542425632476807,0.6621827483177185,4.977053,4.3511443,RGI60-07.00715,Waggonwaybreen,79.54772047,11.25994501739356
86,31/03/2022,1328.0001271683077,3.484243869781494,0.3755762577056885,0.000662841,-9.711064339,0.38119754,0.9088839,RGI60-07.00715,Waggonwaybreen,79.54772047,11.25994501739356
87,30/04/2022,1334.4111093893107,1.0683917716145515,0.37484267354011536,0.25438916658531524,-15.7270998,1.1878206,1.2887431,RGI60-07.00715,Waggonwaybreen,79.54772047,11.25994501739356
88,31/05/2022,1317.808671979683,-2.932448681,3.2505760391553244,4.262111475691199,-7.748020232,0.119743645,1.6916009,RGI60-07.00715,Waggonwaybreen,79.54772047,11.25994501739356
89,30/06/2022,1320.296308716051,-6.886079788,15.765222549438477,11.556621551513672,1.6195497512817385,4.189405,2.529657,RGI60-07.00715,Waggonwaybreen,79.54772047,11.25994501739356
90,31/07/2022,1334.7839524862784,-34.20095289,35.30678629875183,33.473795890808105,3.6622554808855057,6.5547566,3.7242234,RGI60-07.00715,Waggonwaybreen,79.54772047,11.25994501739356
91,31/08/2022,1394.877685633508,-10.10255107,10.402320345242817,11.86167914668719,0.41556557019551604,7.0509152,4.4856234,RGI60-07.00715,Waggonwaybreen,79.54772047,11.25994501739356
92,30/09/2022,1376.379440385998,-6.900691986,8.246485710144043,8.692858695983887,1.230930209159851,5.368633,4.757764,RGI60-07.00715,Waggonwaybreen,79.54772047,11.25994501739356